idna_subject,checker_type,destination,source,tested_at,session_id
29773.v.fwmrm.net,AVAILABILITY,domains.list,domains.list,2026-10-02 16:35:36.238939+00:00,b0347027e51eba5ef5044c33
888casino.com,AVAILABILITY,domains.list,domains.list,2026-10-02 16:35:38.150054+00:00,b0347027e51eba5ef5044c33
888media.net,AVAILABILITY,domains.list,domains.list,2026-10-02 16:35:38.722392+00:00,b0347027e51eba5ef5044c33
a.ad-sys.com,AVAILABILITY,domains.list,domains.list,2026-10-02 16:35:41.884010+00:00,b0347027e51eba5ef5044c33
a.adnium.com,AVAILABILITY,domains.list,domains.list,2026-10-02 16:35:42.530806+00:00,b0347027e51eba5ef5044c33
a.adorika.net,AVAILABILITY,domains.list,domains.list,2026-10-02 16:35:44.371886+00:00,b0347027e51eba5ef5044c33
a.adroll.com,AVAILABILITY,domains.list,domains.list,2026-10-02 16:35:44.711979+00:00,b0347027e51eba5ef5044c33
a.goember.com,AVAILABILITY,domains.list,domains.list,2026-10-02 16:35:46.038567+00:00,b0347027e51eba5ef5044c33
a.kat.cr,AVAILABILITY,domains.list,domains.list,2026-10-02 16:35:46.534406+00:00,b0347027e51eba5ef5044c33
a.scorecardresearch.com,AVAILABILITY,domains.list,domains.list,2026-10-02 16:35:47.425260+00:00,b0347027e51eba5ef5044c33
a.tribalfusion.com,AVAILABILITY,domains.list,domains.list,2026-10-02 16:35:47.608699+00:00,b0347027e51eba5ef5044c33
a02.korrelate.net,AVAILABILITY,domains.list,domains.list,2026-10-02 16:35:48.138454+00:00,b0347027e51eba5ef5044c33
aan.amazon.com,AVAILABILITY,domains.list,domains.list,2026-10-02 16:35:49.644145+00:00,b0347027e51eba5ef5044c33
aax-us-east.amazon-adsystem.com,AVAILABILITY,domains.list,domains.list,2026-10-02 16:35:50.290822+00:00,b0347027e51eba5ef5044c33
aax-us-west.amazon-adsystem.com,AVAILABILITY,domains.list,domains.list,2026-10-02 16:36:10.620453+00:00,b0347027e51eba5ef5044c33
ad-apac.doubleclick.net,AVAILABILITY,domains.list,domains.list,2026-10-02 16:36:11.431228+00:00,b0347027e51eba5ef5044c33
ad-emea.doubleclick.net,AVAILABILITY,domains.list,domains.list,2026-10-02 16:36:13.082764+00:00,b0347027e51eba5ef5044c33
ad-g.doubleclick.net,AVAILABILITY,domains.list,domains.list,2026-10-02 16:36:13.539192+00:00,b0347027e51eba5ef5044c33
ad.360yield.com,AVAILABILITY,domains.list,domains.list,2026-10-02 16:36:14.151421+00:00,b0347027e51eba5ef5044c33
ad.a-ads.com,AVAILABILITY,domains.list,domains.list,2026-10-02 16:36:15.020328+00:00,b0347027e51eba5ef5044c33
ad.adverticum.net,AVAILABILITY,domains.list,domains.list,2026-10-02 16:36:16.567032+00:00,b0347027e51eba5ef5044c33
ad.adxcore.com,AVAILABILITY,domains.list,domains.list,2026-10-02 16:36:17.906648+00:00,b0347027e51eba5ef5044c33
ad.ae.doubleclick.net,AVAILABILITY,domains.list,domains.list,2026-10-02 16:36:18.342631+00:00,b0347027e51eba5ef5044c33
ad.ar.doubleclick.net,AVAILABILITY,domains.list,domains.list,2026-10-02 16:36:18.888221+00:00,b0347027e51eba5ef5044c33
ad.at.doubleclick.net,AVAILABILITY,domains.list,domains.list,2026-10-02 16:36:19.230811+00:00,b0347027e51eba5ef5044c33
ad.au.doubleclick.net,AVAILABILITY,domains.list,domains.list,2026-10-02 16:36:19.626174+00:00,b0347027e51eba5ef5044c33
ad.be.doubleclick.net,AVAILABILITY,domains.list,domains.list,2026-10-02 16:36:19.954914+00:00,b0347027e51eba5ef5044c33
ad.bg.doubleclick.net,AVAILABILITY,domains.list,domains.list,2026-10-02 16:36:20.331332+00:00,b0347027e51eba5ef5044c33
ad.br.doubleclick.net,AVAILABILITY,domains.list,domains.list,2026-10-02 16:36:20.717022+00:00,b0347027e51eba5ef5044c33
ad.ca.doubleclick.net,AVAILABILITY,domains.list,domains.list,2026-10-02 16:36:21.056598+00:00,b0347027e51eba5ef5044c33
ad.ch.doubleclick.net,AVAILABILITY,domains.list,domains.list,2026-10-02 16:36:21.407903+00:00,b0347027e51eba5ef5044c33
ad.cl.doubleclick.net,AVAILABILITY,domains.list,domains.list,2026-10-02 16:36:21.758661+00:00,b0347027e51eba5ef5044c33
ad.cn.doubleclick.net,AVAILABILITY,domains.list,domains.list,2026-10-02 16:36:22.188361+00:00,b0347027e51eba5ef5044c33
ad.crwdcntrl.net,AVAILABILITY,domains.list,domains.list,2026-10-02 16:36:22.525200+00:00,b0347027e51eba5ef5044c33
ad.de.doubleclick.net,AVAILABILITY,domains.list,domains.list,2026-10-02 16:36:22.981835+00:00,b0347027e51eba5ef5044c33
ad.dk.doubleclick.net,AVAILABILITY,domains.list,domains.list,2026-10-02 16:36:23.480087+00:00,b0347027e51eba5ef5044c33
ad.doubleclick.net,AVAILABILITY,domains.list,domains.list,2026-10-02 16:36:23.821562+00:00,b0347027e51eba5ef5044c33
ad.es.doubleclick.net,AVAILABILITY,domains.list,domains.list,2026-10-02 16:36:24.231121+00:00,b0347027e51eba5ef5044c33
ad.fi.doubleclick.net,AVAILABILITY,domains.list,domains.list,2026-10-02 16:36:24.598658+00:00,b0347027e51eba5ef5044c33
ad.fr.doubleclick.net,AVAILABILITY,domains.list,domains.list,2026-10-02 16:36:24.964233+00:00,b0347027e51eba5ef5044c33
ad.hk.doubleclick.net,AVAILABILITY,domains.list,domains.list,2026-10-02 16:36:25.343658+00:00,b0347027e51eba5ef5044c33
ad.hr.doubleclick.net,AVAILABILITY,domains.list,domains.list,2026-10-02 16:36:25.692715+00:00,b0347027e51eba5ef5044c33
ad.hu.doubleclick.net,AVAILABILITY,domains.list,domains.list,2026-10-02 16:36:26.068265+00:00,b0347027e51eba5ef5044c33
ad.ie.doubleclick.net,AVAILABILITY,domains.list,domains.list,2026-10-02 16:36:26.390110+00:00,b0347027e51eba5ef5044c33
ad.in.doubleclick.net,AVAILABILITY,domains.list,domains.list,2026-10-02 16:36:26.781971+00:00,b0347027e51eba5ef5044c33
ad.it.doubleclick.net,AVAILABILITY,domains.list,domains.list,2026-10-02 16:36:27.096410+00:00,b0347027e51eba5ef5044c33
ad.jp.doubleclick.net,AVAILABILITY,domains.list,domains.list,2026-10-02 16:36:27.428163+00:00,b0347027e51eba5ef5044c33
ad.kr.doubleclick.net,AVAILABILITY,domains.list,domains.list,2026-10-02 16:36:27.942938+00:00,b0347027e51eba5ef5044c33
ad.leadboltads.net,AVAILABILITY,domains.list,domains.list,2026-10-02 16:36:28.825590+00:00,b0347027e51eba5ef5044c33
ad.linkexchange.com,AVAILABILITY,domains.list,domains.list,2026-10-02 16:36:49.100880+00:00,b0347027e51eba5ef5044c33
ad.mo.doubleclick.net,AVAILABILITY,domains.list,domains.list,2026-10-02 16:36:49.382906+00:00,b0347027e51eba5ef5044c33
ad.n2434.doubleclick.net,AVAILABILITY,domains.list,domains.list,2026-10-02 16:36:49.702096+00:00,b0347027e51eba5ef5044c33
ad.nl.doubleclick.net,AVAILABILITY,domains.list,domains.list,2026-10-02 16:36:50.002354+00:00,b0347027e51eba5ef5044c33
ad.no.doubleclick.net,AVAILABILITY,domains.list,domains.list,2026-10-02 16:36:50.394314+00:00,b0347027e51eba5ef5044c33
ad.nz.doubleclick.net,AVAILABILITY,domains.list,domains.list,2026-10-02 16:36:50.738611+00:00,b0347027e51eba5ef5044c33
ad.pl.doubleclick.net,AVAILABILITY,domains.list,domains.list,2026-10-02 16:36:51.186116+00:00,b0347027e51eba5ef5044c33
ad.pt.doubleclick.net,AVAILABILITY,domains.list,domains.list,2026-10-02 16:36:51.635964+00:00,b0347027e51eba5ef5044c33
ad.ro.doubleclick.net,AVAILABILITY,domains.list,domains.list,2026-10-02 16:36:51.989313+00:00,b0347027e51eba5ef5044c33
ad.rs.doubleclick.net,AVAILABILITY,domains.list,domains.list,2026-10-02 16:36:52.360595+00:00,b0347027e51eba5ef5044c33
ad.se.doubleclick.net,AVAILABILITY,domains.list,domains.list,2026-10-02 16:36:52.762968+00:00,b0347027e51eba5ef5044c33
ad.sg.doubleclick.net,AVAILABILITY,domains.list,domains.list,2026-10-02 16:36:53.209791+00:00,b0347027e51eba5ef5044c33
ad.si.doubleclick.net,AVAILABILITY,domains.list,domains.list,2026-10-02 16:36:53.556915+00:00,b0347027e51eba5ef5044c33
ad.terra.doubleclick.net,AVAILABILITY,domains.list,domains.list,2026-10-02 16:36:53.936513+00:00,b0347027e51eba5ef5044c33
ad.th.doubleclick.net,AVAILABILITY,domains.list,domains.list,2026-10-02 16:36:54.331081+00:00,b0347027e51eba5ef5044c33
ad.tw.doubleclick.net,AVAILABILITY,domains.list,domains.list,2026-10-02 16:36:54.654230+00:00,b0347027e51eba5ef5044c33
ad.uk.doubleclick.net,AVAILABILITY,domains.list,domains.list,2026-10-02 16:36:54.935206+00:00,b0347027e51eba5ef5044c33
ad.us.doubleclick.net,AVAILABILITY,domains.list,domains.list,2026-10-02 16:36:55.288355+00:00,b0347027e51eba5ef5044c33
ad.ve.doubleclick.net,AVAILABILITY,domains.list,domains.list,2026-10-02 16:36:55.568882+00:00,b0347027e51eba5ef5044c33
ad.za.doubleclick.net,AVAILABILITY,domains.list,domains.list,2026-10-02 16:36:55.966818+00:00,b0347027e51eba5ef5044c33
ad2.doubleclick.net,AVAILABILITY,domains.list,domains.list,2026-10-02 16:36:56.531492+00:00,b0347027e51eba5ef5044c33
ad8.adfarm1.adition.com,AVAILABILITY,domains.list,domains.list,2026-10-02 16:36:57.431978+00:00,b0347027e51eba5ef5044c33
adcash.com,AVAILABILITY,domains.list,domains.list,2026-10-02 16:36:57.904147+00:00,b0347027e51eba5ef5044c33
adcel.vrvm.com,AVAILABILITY,domains.list,domains.list,2026-10-02 16:37:00.102515+00:00,b0347027e51eba5ef5044c33
adclick.g.doubleclick.net,AVAILABILITY,domains.list,domains.list,2026-10-02 16:37:00.295073+00:00,b0347027e51eba5ef5044c33
addthis.com,AVAILABILITY,domains.list,domains.list,2026-10-02 16:37:00.683090+00:00,b0347027e51eba5ef5044c33
ade.clmbtech.com,AVAILABILITY,domains.list,domains.list,2026-10-02 16:37:01.950065+00:00,b0347027e51eba5ef5044c33
adition.com,AVAILABILITY,domains.list,domains.list,2026-10-02 16:37:04.211808+00:00,b0347027e51eba5ef5044c33
adkengage.com,AVAILABILITY,domains.list,domains.list,2026-10-02 16:37:05.428241+00:00,b0347027e51eba5ef5044c33
adledge.com,AVAILABILITY,domains.list,domains.list,2026-10-02 16:37:05.644402+00:00,b0347027e51eba5ef5044c33
adm.shinobi.jp,AVAILABILITY,domains.list,domains.list,2026-10-02 16:37:06.415326+00:00,b0347027e51eba5ef5044c33
admarvel.s3.amazonaws.com,AVAILABILITY,domains.list,domains.list,2026-10-02 16:37:06.739320+00:00,b0347027e51eba5ef5044c33
admin.appnext.com,AVAILABILITY,domains.list,domains.list,2026-10-02 16:37:07.134388+00:00,b0347027e51eba5ef5044c33
admob.biz,AVAILABILITY,domains.list,domains.list,2026-10-02 16:37:07.423615+00:00,b0347027e51eba5ef5044c33
admob.co.kr,AVAILABILITY,domains.list,domains.list,2026-10-02 16:37:07.974895+00:00,b0347027e51eba5ef5044c33
admob.co.nz,AVAILABILITY,domains.list,domains.list,2026-10-02 16:37:08.702332+00:00,b0347027e51eba5ef5044c33
admob.co.uk,AVAILABILITY,domains.list,domains.list,2026-10-02 16:37:09.007192+00:00,b0347027e51eba5ef5044c33
admob.com,AVAILABILITY,domains.list,domains.list,2026-10-02 16:37:09.300804+00:00,b0347027e51eba5ef5044c33
admob.de,AVAILABILITY,domains.list,domains.list,2026-10-02 16:37:10.504494+00:00,b0347027e51eba5ef5044c33
admob.dk,AVAILABILITY,domains.list,domains.list,2026-10-02 16:37:11.133394+00:00,b0347027e51eba5ef5044c33
admob.es,AVAILABILITY,domains.list,domains.list,2026-10-02 16:37:16.754984+00:00,b0347027e51eba5ef5044c33
admob.eu,AVAILABILITY,domains.list,domains.list,2026-10-02 16:37:18.337572+00:00,b0347027e51eba5ef5044c33
admob.fi,AVAILABILITY,domains.list,domains.list,2026-10-02 16:37:18.671273+00:00,b0347027e51eba5ef5044c33
admob.fr,AVAILABILITY,domains.list,domains.list,2026-10-02 16:37:19.091930+00:00,b0347027e51eba5ef5044c33
admob.gr,AVAILABILITY,domains.list,domains.list,2026-10-02 16:37:19.372629+00:00,b0347027e51eba5ef5044c33
admob.it,AVAILABILITY,domains.list,domains.list,2026-10-02 16:37:19.628666+00:00,b0347027e51eba5ef5044c33
admob.jp,AVAILABILITY,domains.list,domains.list,2026-10-02 16:37:20.675832+00:00,b0347027e51eba5ef5044c33
admob.kr,AVAILABILITY,domains.list,domains.list,2026-10-02 16:37:21.495432+00:00,b0347027e51eba5ef5044c33
admob.mobi,AVAILABILITY,domains.list,domains.list,2026-10-02 16:37:22.334458+00:00,b0347027e51eba5ef5044c33
admob.no,AVAILABILITY,domains.list,domains.list,2026-10-02 16:37:23.494624+00:00,b0347027e51eba5ef5044c33
admob.pt,AVAILABILITY,domains.list,domains.list,2026-10-02 16:37:23.757539+00:00,b0347027e51eba5ef5044c33
admob.sg,AVAILABILITY,domains.list,domains.list,2026-10-02 16:37:24.013212+00:00,b0347027e51eba5ef5044c33
admob.tw,AVAILABILITY,domains.list,domains.list,2026-10-02 16:37:24.973311+00:00,b0347027e51eba5ef5044c33
admob.vn,AVAILABILITY,domains.list,domains.list,2026-10-02 16:37:25.252202+00:00,b0347027e51eba5ef5044c33
adn.ebay.com,AVAILABILITY,domains.list,domains.list,2026-10-02 16:37:26.602539+00:00,b0347027e51eba5ef5044c33
adnxs.revsci.net,AVAILABILITY,domains.list,domains.list,2026-10-02 16:37:27.209405+00:00,b0347027e51eba5ef5044c33
ads-by.madadsmedia.com,AVAILABILITY,domains.list,domains.list,2026-10-02 16:37:47.876133+00:00,b0347027e51eba5ef5044c33
ads-by.yieldselect.com,AVAILABILITY,domains.list,domains.list,2026-10-02 16:38:08.054768+00:00,b0347027e51eba5ef5044c33
ads.admarvel.com,AVAILABILITY,domains.list,domains.list,2026-10-02 16:38:09.999115+00:00,b0347027e51eba5ef5044c33
ads.appia.com,AVAILABILITY,domains.list,domains.list,2026-10-02 16:38:11.071753+00:00,b0347027e51eba5ef5044c33
ads.cb-cdn.com,AVAILABILITY,domains.list,domains.list,2026-10-02 16:38:11.890003+00:00,b0347027e51eba5ef5044c33
ads.celtra.com,AVAILABILITY,domains.list,domains.list,2026-10-02 16:38:12.442449+00:00,b0347027e51eba5ef5044c33
ads.cleveland.com,AVAILABILITY,domains.list,domains.list,2026-10-02 16:38:12.813453+00:00,b0347027e51eba5ef5044c33
ads.exoclick.com,AVAILABILITY,domains.list,domains.list,2026-10-02 16:38:13.303455+00:00,b0347027e51eba5ef5044c33
ads.footballaddicts.com,AVAILABILITY,domains.list,domains.list,2026-10-02 16:38:14.076462+00:00,b0347027e51eba5ef5044c33
ads.heyzap.com,AVAILABILITY,domains.list,domains.list,2026-10-02 16:38:14.605581+00:00,b0347027e51eba5ef5044c33
ads.intergi.com,AVAILABILITY,domains.list,domains.list,2026-10-02 16:38:15.704036+00:00,b0347027e51eba5ef5044c33
ads.juicyads.com,AVAILABILITY,domains.list,domains.list,2026-10-02 16:38:16.723259+00:00,b0347027e51eba5ef5044c33
ads.lfstmedia.com,AVAILABILITY,domains.list,domains.list,2026-10-02 16:38:17.194070+00:00,b0347027e51eba5ef5044c33
ads.mopub.com,AVAILABILITY,domains.list,domains.list,2026-10-02 16:38:17.526810+00:00,b0347027e51eba5ef5044c33
ads.nordichardware.se,AVAILABILITY,domains.list,domains.list,2026-10-02 16:38:18.262613+00:00,b0347027e51eba5ef5044c33
ads.pinger.com,AVAILABILITY,domains.list,domains.list,2026-10-02 16:38:19.006508+00:00,b0347027e51eba5ef5044c33
ads.pro-market.net,AVAILABILITY,domains.list,domains.list,2026-10-02 16:38:19.340148+00:00,b0347027e51eba5ef5044c33
ads.qadservice.com,AVAILABILITY,domains.list,domains.list,2026-10-02 16:38:20.044699+00:00,b0347027e51eba5ef5044c33
ads.reddit.com,AVAILABILITY,domains.list,domains.list,2026-10-02 16:38:20.950907+00:00,b0347027e51eba5ef5044c33
ads.rubiconproject.com,AVAILABILITY,domains.list,domains.list,2026-10-02 16:38:21.236622+00:00,b0347027e51eba5ef5044c33
ads.saymedia.com,AVAILABILITY,domains.list,domains.list,2026-10-02 16:38:22.197363+00:00,b0347027e51eba5ef5044c33
ads.servebom.com,AVAILABILITY,domains.list,domains.list,2026-10-02 16:38:22.669340+00:00,b0347027e51eba5ef5044c33
ads.traffichunt.com,AVAILABILITY,domains.list,domains.list,2026-10-02 16:38:22.952889+00:00,b0347027e51eba5ef5044c33
ads.trafficjunky.net,AVAILABILITY,domains.list,domains.list,2026-10-02 16:38:23.838164+00:00,b0347027e51eba5ef5044c33
ads.yieldmo.com,AVAILABILITY,domains.list,domains.list,2026-10-02 16:38:24.125464+00:00,b0347027e51eba5ef5044c33
ads.yimg.com,AVAILABILITY,domains.list,domains.list,2026-10-02 16:38:24.393851+00:00,b0347027e51eba5ef5044c33
ads.youtube.com,AVAILABILITY,domains.list,domains.list,2026-10-02 16:38:25.012226+00:00,b0347027e51eba5ef5044c33
ads2.contentabc.com,AVAILABILITY,domains.list,domains.list,2026-10-02 16:38:26.357195+00:00,b0347027e51eba5ef5044c33
adsafeprotected.com,AVAILABILITY,domains.list,domains.list,2026-10-02 16:38:26.570381+00:00,b0347027e51eba5ef5044c33
adserver.adreactor.com,AVAILABILITY,domains.list,domains.list,2026-10-02 16:38:27.818879+00:00,b0347027e51eba5ef5044c33
adserver.exoticads.com,AVAILABILITY,domains.list,domains.list,2026-10-02 16:38:28.313300+00:00,b0347027e51eba5ef5044c33
adserver.juicyads.com,AVAILABILITY,domains.list,domains.list,2026-10-02 16:38:28.726712+00:00,b0347027e51eba5ef5044c33
adservices.picadmedia.com,AVAILABILITY,domains.list,domains.list,2026-10-02 16:38:29.321216+00:00,b0347027e51eba5ef5044c33
adshost2.com,AVAILABILITY,domains.list,domains.list,2026-10-02 16:38:29.908517+00:00,b0347027e51eba5ef5044c33
adspaces.ero-advertising.com,AVAILABILITY,domains.list,domains.list,2026-10-02 16:38:30.265600+00:00,b0347027e51eba5ef5044c33
adsx.greystripe.com,AVAILABILITY,domains.list,domains.list,2026-10-02 16:38:30.618957+00:00,b0347027e51eba5ef5044c33
adsyndication.msn.com,AVAILABILITY,domains.list,domains.list,2026-10-02 16:38:31.381745+00:00,b0347027e51eba5ef5044c33
adtgs.adk2x.com,AVAILABILITY,domains.list,domains.list,2026-10-02 16:38:31.655733+00:00,b0347027e51eba5ef5044c33
adx.g.doubleclick.net,AVAILABILITY,domains.list,domains.list,2026-10-02 16:38:32.349835+00:00,b0347027e51eba5ef5044c33
adzerk.net,AVAILABILITY,domains.list,domains.list,2026-10-02 16:38:32.481902+00:00,b0347027e51eba5ef5044c33
affiliate.2mdn.net,AVAILABILITY,domains.list,domains.list,2026-10-02 16:38:34.020172+00:00,b0347027e51eba5ef5044c33
ah.yimg.jp,AVAILABILITY,domains.list,domains.list,2026-10-02 16:38:35.179416+00:00,b0347027e51eba5ef5044c33
amung.us,AVAILABILITY,domains.list,domains.list,2026-10-02 16:38:35.870291+00:00,b0347027e51eba5ef5044c33
an.yandex.ru,AVAILABILITY,domains.list,domains.list,2026-10-02 16:38:36.897613+00:00,b0347027e51eba5ef5044c33
ap.lijit.com,AVAILABILITY,domains.list,domains.list,2026-10-02 16:38:37.154021+00:00,b0347027e51eba5ef5044c33
api.adsnative.com,AVAILABILITY,domains.list,domains.list,2026-10-02 16:38:38.218681+00:00,b0347027e51eba5ef5044c33
api.viglink.com,AVAILABILITY,domains.list,domains.list,2026-10-02 16:38:38.863315+00:00,b0347027e51eba5ef5044c33
api9.net,AVAILABILITY,domains.list,domains.list,2026-10-02 16:38:40.175598+00:00,b0347027e51eba5ef5044c33
appfly.mobi,AVAILABILITY,domains.list,domains.list,2026-10-02 16:38:41.889469+00:00,b0347027e51eba5ef5044c33
applab-sdk.amazon.com,AVAILABILITY,domains.list,domains.list,2026-10-02 16:39:02.051183+00:00,b0347027e51eba5ef5044c33
appnexus.com,AVAILABILITY,domains.list,domains.list,2026-10-02 16:39:04.103419+00:00,b0347027e51eba5ef5044c33
assets.applovin.com,AVAILABILITY,domains.list,domains.list,2026-10-02 16:39:04.799768+00:00,b0347027e51eba5ef5044c33
atdmt-a.akamaihd.net,AVAILABILITY,domains.list,domains.list,2026-10-02 16:39:05.371385+00:00,b0347027e51eba5ef5044c33
au-01.adtomafusion.com,AVAILABILITY,domains.list,domains.list,2026-10-02 16:39:35.072825+00:00,b0347027e51eba5ef5044c33
avnads.com,AVAILABILITY,domains.list,domains.list,2026-10-02 16:39:35.650886+00:00,b0347027e51eba5ef5044c33
az708531.vo.msecnd.net,AVAILABILITY,domains.list,domains.list,2026-10-02 16:39:35.857285+00:00,b0347027e51eba5ef5044c33
banners.proboards.com,AVAILABILITY,domains.list,domains.list,2026-10-02 16:39:36.510544+00:00,b0347027e51eba5ef5044c33
bcp.crwdcntrl.net,AVAILABILITY,domains.list,domains.list,2026-10-02 16:39:37.177685+00:00,b0347027e51eba5ef5044c33
bdv.bidvertiser.com,AVAILABILITY,domains.list,domains.list,2026-10-02 16:39:37.521186+00:00,b0347027e51eba5ef5044c33
bea4.v.fwmrm.net,AVAILABILITY,domains.list,domains.list,2026-10-02 16:39:37.906640+00:00,b0347027e51eba5ef5044c33
beacon.scorecardresearch.com,AVAILABILITY,domains.list,domains.list,2026-10-02 16:39:38.313933+00:00,b0347027e51eba5ef5044c33
bidvertiser.com,AVAILABILITY,domains.list,domains.list,2026-10-02 16:39:39.300885+00:00,b0347027e51eba5ef5044c33
bluekai.com,AVAILABILITY,domains.list,domains.list,2026-10-02 16:39:40.158379+00:00,b0347027e51eba5ef5044c33
bn-01.adtomafusion.com,AVAILABILITY,domains.list,domains.list,2026-10-02 16:39:41.958861+00:00,b0347027e51eba5ef5044c33
build-cdn.liftoff.io,AVAILABILITY,domains.list,domains.list,2026-10-02 16:39:43.194463+00:00,b0347027e51eba5ef5044c33
bullseye.backbeatmedia.com,AVAILABILITY,domains.list,domains.list,2026-10-02 16:39:43.464670+00:00,b0347027e51eba5ef5044c33
buysellads.com,AVAILABILITY,domains.list,domains.list,2026-10-02 16:39:45.023665+00:00,b0347027e51eba5ef5044c33
c.admob.com,AVAILABILITY,domains.list,domains.list,2026-10-02 16:39:45.522917+00:00,b0347027e51eba5ef5044c33
c.amazon-adsystem.com,AVAILABILITY,domains.list,domains.list,2026-10-02 16:39:45.866515+00:00,b0347027e51eba5ef5044c33
c.betrad.com,AVAILABILITY,domains.list,domains.list,2026-10-02 16:39:46.292640+00:00,b0347027e51eba5ef5044c33
c.greystripe.com,AVAILABILITY,domains.list,domains.list,2026-10-02 16:39:46.617309+00:00,b0347027e51eba5ef5044c33
c.w.inmobi.com,AVAILABILITY,domains.list,domains.list,2026-10-02 16:39:47.079795+00:00,b0347027e51eba5ef5044c33
c1.popads.net,AVAILABILITY,domains.list,domains.list,2026-10-02 16:39:47.974922+00:00,b0347027e51eba5ef5044c33
cas.criteo.com,AVAILABILITY,domains.list,domains.list,2026-10-02 16:39:49.391206+00:00,b0347027e51eba5ef5044c33
cdn-01.yumenetworks.com,AVAILABILITY,domains.list,domains.list,2026-10-02 16:40:04.704150+00:00,b0347027e51eba5ef5044c33
cdn.adf.ly,AVAILABILITY,domains.list,domains.list,2026-10-02 16:40:05.106326+00:00,b0347027e51eba5ef5044c33
cdn.adk2.com,AVAILABILITY,domains.list,domains.list,2026-10-02 16:40:05.967666+00:00,b0347027e51eba5ef5044c33
cdn.adnxs.com,AVAILABILITY,domains.list,domains.list,2026-10-02 16:40:07.029853+00:00,b0347027e51eba5ef5044c33
cdn.adshexa.com,AVAILABILITY,domains.list,domains.list,2026-10-02 16:40:07.299492+00:00,b0347027e51eba5ef5044c33
cdn.applift.com,AVAILABILITY,domains.list,domains.list,2026-10-02 16:40:09.039369+00:00,b0347027e51eba5ef5044c33
cdn.at.atwola.com,AVAILABILITY,domains.list,domains.list,2026-10-02 16:40:09.964995+00:00,b0347027e51eba5ef5044c33
cdn.bttrack.com,AVAILABILITY,domains.list,domains.list,2026-10-02 16:40:10.341127+00:00,b0347027e51eba5ef5044c33
cdn.cpmstar.com,AVAILABILITY,domains.list,domains.list,2026-10-02 16:40:10.951338+00:00,b0347027e51eba5ef5044c33
cdn.elasticad.net,AVAILABILITY,domains.list,domains.list,2026-10-02 16:40:11.788081+00:00,b0347027e51eba5ef5044c33
cdn.engine.phn.doublepimp.com,AVAILABILITY,domains.list,domains.list,2026-10-02 16:40:12.451299+00:00,b0347027e51eba5ef5044c33
cdn.fastclick.net,AVAILABILITY,domains.list,domains.list,2026-10-02 16:40:12.783977+00:00,b0347027e51eba5ef5044c33
cdn.flashtalking.com,AVAILABILITY,domains.list,domains.list,2026-10-02 16:40:13.129912+00:00,b0347027e51eba5ef5044c33
cdn.media.innity.net,AVAILABILITY,domains.list,domains.list,2026-10-02 16:40:14.635254+00:00,b0347027e51eba5ef5044c33
cdn.mediative.ca,AVAILABILITY,domains.list,domains.list,2026-10-02 16:40:34.962242+00:00,b0347027e51eba5ef5044c33
cdn.merchenta.com,AVAILABILITY,domains.list,domains.list,2026-10-02 16:40:35.521298+00:00,b0347027e51eba5ef5044c33
cdn.mobicow.com,AVAILABILITY,domains.list,domains.list,2026-10-02 16:40:55.819626+00:00,b0347027e51eba5ef5044c33
cdn.mxpnl.com,AVAILABILITY,domains.list,domains.list,2026-10-02 16:40:56.101995+00:00,b0347027e51eba5ef5044c33
cdn.popcash.net,AVAILABILITY,domains.list,domains.list,2026-10-02 16:40:56.319741+00:00,b0347027e51eba5ef5044c33
cdn.pubexchange.com,AVAILABILITY,domains.list,domains.list,2026-10-02 16:40:56.729483+00:00,b0347027e51eba5ef5044c33
cdn.pubnative.net,AVAILABILITY,domains.list,domains.list,2026-10-02 16:40:57.218893+00:00,b0347027e51eba5ef5044c33
cdn.viglink.com,AVAILABILITY,domains.list,domains.list,2026-10-02 16:40:57.735920+00:00,b0347027e51eba5ef5044c33
cdn1.inner-active.mobi,AVAILABILITY,domains.list,domains.list,2026-10-02 16:40:57.919522+00:00,b0347027e51eba5ef5044c33
cdn1.reporo.net,AVAILABILITY,domains.list,domains.list,2026-10-02 16:40:59.664846+00:00,b0347027e51eba5ef5044c33
cdn1.rhtag.com,AVAILABILITY,domains.list,domains.list,2026-10-02 16:41:00.697392+00:00,b0347027e51eba5ef5044c33
cdn1.smartadserver.com,AVAILABILITY,domains.list,domains.list,2026-10-02 16:41:01.912130+00:00,b0347027e51eba5ef5044c33
cdn2.inner-active.mobi,AVAILABILITY,domains.list,domains.list,2026-10-02 16:41:02.339148+00:00,b0347027e51eba5ef5044c33
cdn2.reporo.net,AVAILABILITY,domains.list,domains.list,2026-10-02 16:41:04.478184+00:00,b0347027e51eba5ef5044c33
ced.sascdn.com,AVAILABILITY,domains.list,domains.list,2026-10-02 16:41:04.796961+00:00,b0347027e51eba5ef5044c33
cf.cdn.inmobi.com,AVAILABILITY,domains.list,domains.list,2026-10-02 16:41:06.252268+00:00,b0347027e51eba5ef5044c33
china.inmobi.com,AVAILABILITY,domains.list,domains.list,2026-10-02 16:41:07.569585+00:00,b0347027e51eba5ef5044c33
choices.truste.com,AVAILABILITY,domains.list,domains.list,2026-10-02 16:41:07.818786+00:00,b0347027e51eba5ef5044c33
clickadu.com,AVAILABILITY,domains.list,domains.list,2026-10-02 16:41:09.811687+00:00,b0347027e51eba5ef5044c33
clkmon.com,AVAILABILITY,domains.list,domains.list,2026-10-02 16:41:10.262534+00:00,b0347027e51eba5ef5044c33
clkrev.com,AVAILABILITY,domains.list,domains.list,2026-10-02 16:41:10.610272+00:00,b0347027e51eba5ef5044c33
cm.g.doubleclick.net,AVAILABILITY,domains.list,domains.list,2026-10-02 16:41:11.026977+00:00,b0347027e51eba5ef5044c33
coinurl.com,AVAILABILITY,domains.list,domains.list,2026-10-02 16:41:11.245061+00:00,b0347027e51eba5ef5044c33
connect.decknetwork.net,AVAILABILITY,domains.list,domains.list,2026-10-02 16:41:31.422862+00:00,b0347027e51eba5ef5044c33
content.yieldmanager.edgesuite.net,AVAILABILITY,domains.list,domains.list,2026-10-02 16:41:31.824182+00:00,b0347027e51eba5ef5044c33
contextual.media.net,AVAILABILITY,domains.list,domains.list,2026-10-02 16:41:32.364825+00:00,b0347027e51eba5ef5044c33
creative.cc-dt.com,AVAILABILITY,domains.list,domains.list,2026-10-02 16:41:32.862665+00:00,b0347027e51eba5ef5044c33
creative.wwwpromoter.com,AVAILABILITY,domains.list,domains.list,2026-10-02 16:41:33.266838+00:00,b0347027e51eba5ef5044c33
creatives.doubleclick.net,AVAILABILITY,domains.list,domains.list,2026-10-02 16:41:33.741705+00:00,b0347027e51eba5ef5044c33
crp-concursos.com,AVAILABILITY,domains.list,domains.list,2026-10-02 16:41:34.514658+00:00,b0347027e51eba5ef5044c33
crwdcntrl.net,AVAILABILITY,domains.list,domains.list,2026-10-02 16:41:54.668169+00:00,b0347027e51eba5ef5044c33
ctxt.tribalfusion.com,AVAILABILITY,domains.list,domains.list,2026-10-02 16:42:14.944381+00:00,b0347027e51eba5ef5044c33
d-cache.microad.jp,AVAILABILITY,domains.list,domains.list,2026-10-02 16:42:16.092847+00:00,b0347027e51eba5ef5044c33
d.adroll.com,AVAILABILITY,domains.list,domains.list,2026-10-02 16:42:16.329606+00:00,b0347027e51eba5ef5044c33
d.plugrush.com,AVAILABILITY,domains.list,domains.list,2026-10-02 16:42:36.624102+00:00,b0347027e51eba5ef5044c33
dart-apac.l.doubleclick.net,AVAILABILITY,domains.list,domains.list,2026-10-02 16:42:36.909618+00:00,b0347027e51eba5ef5044c33
deliver.ads2.iid.jp,AVAILABILITY,domains.list,domains.list,2026-10-02 16:42:38.092323+00:00,b0347027e51eba5ef5044c33
delivery.us.myswitchads.com,AVAILABILITY,domains.list,domains.list,2026-10-02 16:42:38.629498+00:00,b0347027e51eba5ef5044c33
dev.visualwebsiteoptimizer.com,AVAILABILITY,domains.list,domains.list,2026-10-02 16:42:38.875505+00:00,b0347027e51eba5ef5044c33
dfp.doubleclick.net,AVAILABILITY,domains.list,domains.list,2026-10-02 16:42:40.080400+00:00,b0347027e51eba5ef5044c33
disqusads.com,AVAILABILITY,domains.list,domains.list,2026-10-02 16:42:40.692605+00:00,b0347027e51eba5ef5044c33
doubleclick.com,AVAILABILITY,domains.list,domains.list,2026-10-02 16:42:41.020465+00:00,b0347027e51eba5ef5044c33
doubleclick.de,AVAILABILITY,domains.list,domains.list,2026-10-02 16:42:41.571371+00:00,b0347027e51eba5ef5044c33
doubleclick.ne.jp,AVAILABILITY,domains.list,domains.list,2026-10-02 16:42:42.506611+00:00,b0347027e51eba5ef5044c33
doubleclick.net,AVAILABILITY,domains.list,domains.list,2026-10-02 16:42:42.735159+00:00,b0347027e51eba5ef5044c33
dp.g.doubleclick.net,AVAILABILITY,domains.list,domains.list,2026-10-02 16:42:43.010034+00:00,b0347027e51eba5ef5044c33
dra.amazon-adsystem.com,AVAILABILITY,domains.list,domains.list,2026-10-02 16:42:44.063435+00:00,b0347027e51eba5ef5044c33
eclkmpbn.com,AVAILABILITY,domains.list,domains.list,2026-10-02 16:42:45.127969+00:00,b0347027e51eba5ef5044c33
eclkmpsa.com,AVAILABILITY,domains.list,domains.list,2026-10-02 16:42:45.447441+00:00,b0347027e51eba5ef5044c33
edge.quantserve.com,AVAILABILITY,domains.list,domains.list,2026-10-02 16:42:45.853265+00:00,b0347027e51eba5ef5044c33
embed.insticator.com,AVAILABILITY,domains.list,domains.list,2026-10-02 16:42:47.045454+00:00,b0347027e51eba5ef5044c33
engine.4chan-ads.org,AVAILABILITY,domains.list,domains.list,2026-10-02 16:42:47.303070+00:00,b0347027e51eba5ef5044c33
engine.adzerk.net,AVAILABILITY,domains.list,domains.list,2026-10-02 16:42:47.698196+00:00,b0347027e51eba5ef5044c33
engine2.adzerk.net,AVAILABILITY,domains.list,domains.list,2026-10-02 16:42:48.167266+00:00,b0347027e51eba5ef5044c33
et.w.inmobi.com,AVAILABILITY,domains.list,domains.list,2026-10-02 16:42:48.503904+00:00,b0347027e51eba5ef5044c33
etarg.ru,AVAILABILITY,domains.list,domains.list,2026-10-02 16:42:49.441386+00:00,b0347027e51eba5ef5044c33
eu2.madsone.com,AVAILABILITY,domains.list,domains.list,2026-10-02 16:42:49.860714+00:00,b0347027e51eba5ef5044c33
exchange.nativeads.com,AVAILABILITY,domains.list,domains.list,2026-10-02 16:42:50.522862+00:00,b0347027e51eba5ef5044c33
expo9.exponential.com,AVAILABILITY,domains.list,domains.list,2026-10-02 16:43:10.957328+00:00,b0347027e51eba5ef5044c33
exponential.com,AVAILABILITY,domains.list,domains.list,2026-10-02 16:43:11.612665+00:00,b0347027e51eba5ef5044c33
extra.thebigboss.org,AVAILABILITY,domains.list,domains.list,2026-10-02 16:43:11.873016+00:00,b0347027e51eba5ef5044c33
feedads.g.doubleclick.net,AVAILABILITY,domains.list,domains.list,2026-10-02 16:43:12.343662+00:00,b0347027e51eba5ef5044c33
fls-na.amazon.com,AVAILABILITY,domains.list,domains.list,2026-10-02 16:43:12.937135+00:00,b0347027e51eba5ef5044c33
fls.doubleclick.net,AVAILABILITY,domains.list,domains.list,2026-10-02 16:43:13.120484+00:00,b0347027e51eba5ef5044c33
fls.uk.doubleclick.net,AVAILABILITY,domains.list,domains.list,2026-10-02 16:43:13.385074+00:00,b0347027e51eba5ef5044c33
fresh8.co,AVAILABILITY,domains.list,domains.list,2026-10-02 16:43:13.923681+00:00,b0347027e51eba5ef5044c33
fusion.di.se,AVAILABILITY,domains.list,domains.list,2026-10-02 16:43:16.176017+00:00,b0347027e51eba5ef5044c33
fusion.dn.se,AVAILABILITY,domains.list,domains.list,2026-10-02 16:43:17.755211+00:00,b0347027e51eba5ef5044c33
fusion.expressen.se,AVAILABILITY,domains.list,domains.list,2026-10-02 16:43:18.978188+00:00,b0347027e51eba5ef5044c33
fusion.va.se,AVAILABILITY,domains.list,domains.list,2026-10-02 16:43:19.965773+00:00,b0347027e51eba5ef5044c33
g1.v.fwmrm.net,AVAILABILITY,domains.list,domains.list,2026-10-02 16:43:20.246932+00:00,b0347027e51eba5ef5044c33
g2.gumgum.com,AVAILABILITY,domains.list,domains.list,2026-10-02 16:43:20.457523+00:00,b0347027e51eba5ef5044c33
gam.adnxs.com,AVAILABILITY,domains.list,domains.list,2026-10-02 16:43:21.484593+00:00,b0347027e51eba5ef5044c33
gan.doubleclick.net,AVAILABILITY,domains.list,domains.list,2026-10-02 16:43:21.819974+00:00,b0347027e51eba5ef5044c33
go.lfstmedia.com,AVAILABILITY,domains.list,domains.list,2026-10-02 16:43:22.998148+00:00,b0347027e51eba5ef5044c33
go.mobisla.com,AVAILABILITY,domains.list,domains.list,2026-10-02 16:43:23.618321+00:00,b0347027e51eba5ef5044c33
go.padsdel.com,AVAILABILITY,domains.list,domains.list,2026-10-02 16:43:43.953790+00:00,b0347027e51eba5ef5044c33
go.padstm.com,AVAILABILITY,domains.list,domains.list,2026-10-02 16:43:44.447166+00:00,b0347027e51eba5ef5044c33
googleads.g.doubleclick.net,AVAILABILITY,domains.list,domains.list,2026-10-02 16:43:44.799482+00:00,b0347027e51eba5ef5044c33
googleads2.g.doubleclick.net,AVAILABILITY,domains.list,domains.list,2026-10-02 16:43:45.132765+00:00,b0347027e51eba5ef5044c33
html5adkit.plusmo.s3.amazonaws.com,AVAILABILITY,domains.list,domains.list,2026-10-02 16:43:45.586109+00:00,b0347027e51eba5ef5044c33
i.w.inmobi.com,AVAILABILITY,domains.list,domains.list,2026-10-02 16:43:47.119290+00:00,b0347027e51eba5ef5044c33
ib.adnxs.com,AVAILABILITY,domains.list,domains.list,2026-10-02 16:43:47.584228+00:00,b0347027e51eba5ef5044c33
igpiphone.gameloft.com,AVAILABILITY,domains.list,domains.list,2026-10-02 16:43:47.910560+00:00,b0347027e51eba5ef5044c33
imads.integral-marketing.com,AVAILABILITY,domains.list,domains.list,2026-10-02 16:44:08.186327+00:00,b0347027e51eba5ef5044c33
images.intellitxt.com,AVAILABILITY,domains.list,domains.list,2026-10-02 16:44:28.460546+00:00,b0347027e51eba5ef5044c33
images.outbrain.com,AVAILABILITY,domains.list,domains.list,2026-10-02 16:44:28.779833+00:00,b0347027e51eba5ef5044c33
img.ak.impact-ad.jp,AVAILABILITY,domains.list,domains.list,2026-10-02 16:44:30.402700+00:00,b0347027e51eba5ef5044c33
impact.applifier.com,AVAILABILITY,domains.list,domains.list,2026-10-02 16:44:30.765368+00:00,b0347027e51eba5ef5044c33
ingameads.gameloft.com,AVAILABILITY,domains.list,domains.list,2026-10-02 16:44:31.290416+00:00,b0347027e51eba5ef5044c33
inmobisdk-a.akamaihd.net,AVAILABILITY,domains.list,domains.list,2026-10-02 16:44:31.787546+00:00,b0347027e51eba5ef5044c33
inneractive-assets.s3.amazonaws.com,AVAILABILITY,domains.list,domains.list,2026-10-02 16:44:32.261862+00:00,b0347027e51eba5ef5044c33
integral-marketing.com,AVAILABILITY,domains.list,domains.list,2026-10-02 16:44:52.505931+00:00,b0347027e51eba5ef5044c33
invitemedia.com,AVAILABILITY,domains.list,domains.list,2026-10-02 16:44:52.683275+00:00,b0347027e51eba5ef5044c33
ios.bcfads.com,AVAILABILITY,domains.list,domains.list,2026-10-02 16:44:52.996063+00:00,b0347027e51eba5ef5044c33
ir-na.amazon-adsystem.com,AVAILABILITY,domains.list,domains.list,2026-10-02 16:45:13.369950+00:00,b0347027e51eba5ef5044c33
ir.doubleclick.net,AVAILABILITY,domains.list,domains.list,2026-10-02 16:45:13.824329+00:00,b0347027e51eba5ef5044c33
iv.doubleclick.net,AVAILABILITY,domains.list,domains.list,2026-10-02 16:45:14.259029+00:00,b0347027e51eba5ef5044c33
j.adlooxtracking.com,AVAILABILITY,domains.list,domains.list,2026-10-02 16:45:14.592160+00:00,b0347027e51eba5ef5044c33
jadserve.postrelease.com,AVAILABILITY,domains.list,domains.list,2026-10-02 16:45:14.849495+00:00,b0347027e51eba5ef5044c33
japan.inmobi.com,AVAILABILITY,domains.list,domains.list,2026-10-02 16:45:17.086187+00:00,b0347027e51eba5ef5044c33
js.adsonar.com,AVAILABILITY,domains.list,domains.list,2026-10-02 16:45:18.161112+00:00,b0347027e51eba5ef5044c33
js.grt02.com,AVAILABILITY,domains.list,domains.list,2026-10-02 16:45:20.000021+00:00,b0347027e51eba5ef5044c33
js.revsci.net,AVAILABILITY,domains.list,domains.list,2026-10-02 16:45:21.204257+00:00,b0347027e51eba5ef5044c33
jsc.adskeeper.co.uk,AVAILABILITY,domains.list,domains.list,2026-10-02 16:45:21.538552+00:00,b0347027e51eba5ef5044c33
jsc.dt07.net,AVAILABILITY,domains.list,domains.list,2026-10-02 16:45:26.992421+00:00,b0347027e51eba5ef5044c33
jsc.mgid.com,AVAILABILITY,domains.list,domains.list,2026-10-02 16:45:27.455946+00:00,b0347027e51eba5ef5044c33
ko.snstatic.fi,AVAILABILITY,domains.list,domains.list,2026-10-02 16:45:47.879700+00:00,b0347027e51eba5ef5044c33
ktu.sv2.biz,AVAILABILITY,domains.list,domains.list,2026-10-02 16:45:48.433665+00:00,b0347027e51eba5ef5044c33
lax1.ib.adnxs.com,AVAILABILITY,domains.list,domains.list,2026-10-02 16:45:49.230191+00:00,b0347027e51eba5ef5044c33
log.outbrain.com,AVAILABILITY,domains.list,domains.list,2026-10-02 16:45:49.957623+00:00,b0347027e51eba5ef5044c33
m.2mdn.net,AVAILABILITY,domains.list,domains.list,2026-10-02 16:45:50.235207+00:00,b0347027e51eba5ef5044c33
m.doubleclick.net,AVAILABILITY,domains.list,domains.list,2026-10-02 16:45:51.068244+00:00,b0347027e51eba5ef5044c33
m1.2mdn.net,AVAILABILITY,domains.list,domains.list,2026-10-02 16:45:51.380775+00:00,b0347027e51eba5ef5044c33
m2m1.inner-active.mobi,AVAILABILITY,domains.list,domains.list,2026-10-02 16:45:51.568512+00:00,b0347027e51eba5ef5044c33
marketing.888.com,AVAILABILITY,domains.list,domains.list,2026-10-02 16:45:52.824733+00:00,b0347027e51eba5ef5044c33
mc.yandex.ru,AVAILABILITY,domains.list,domains.list,2026-10-02 16:45:54.731059+00:00,b0347027e51eba5ef5044c33
media.admob.com,AVAILABILITY,domains.list,domains.list,2026-10-02 16:45:55.118011+00:00,b0347027e51eba5ef5044c33
media.fastclick.net,AVAILABILITY,domains.list,domains.list,2026-10-02 16:45:55.358009+00:00,b0347027e51eba5ef5044c33
media.trafficfactory.biz,AVAILABILITY,domains.list,domains.list,2026-10-02 16:46:05.932235+00:00,b0347027e51eba5ef5044c33
media.trafficjunky.net,AVAILABILITY,domains.list,domains.list,2026-10-02 16:46:06.346118+00:00,b0347027e51eba5ef5044c33
mediaplex.fr,AVAILABILITY,domains.list,domains.list,2026-10-02 16:46:09.906403+00:00,b0347027e51eba5ef5044c33
mm.chitika.net,AVAILABILITY,domains.list,domains.list,2026-10-02 16:46:12.565996+00:00,b0347027e51eba5ef5044c33
mobile.adnxs.com,AVAILABILITY,domains.list,domains.list,2026-10-02 16:46:13.738641+00:00,b0347027e51eba5ef5044c33
mobile.juicyads.com,AVAILABILITY,domains.list,domains.list,2026-10-02 16:46:14.565640+00:00,b0347027e51eba5ef5044c33
mobile.smartadserver.com,AVAILABILITY,domains.list,domains.list,2026-10-02 16:46:15.370616+00:00,b0347027e51eba5ef5044c33
modmyi.us.intellitxt.com,AVAILABILITY,domains.list,domains.list,2026-10-02 16:46:35.660473+00:00,b0347027e51eba5ef5044c33
motifcdn.doubleclick.net,AVAILABILITY,domains.list,domains.list,2026-10-02 16:46:35.910246+00:00,b0347027e51eba5ef5044c33
motifcdn2.doubleclick.net,AVAILABILITY,domains.list,domains.list,2026-10-02 16:46:36.127949+00:00,b0347027e51eba5ef5044c33
mresell.macworld.co.uk,AVAILABILITY,domains.list,domains.list,2026-10-02 16:46:37.621111+00:00,b0347027e51eba5ef5044c33
mxpopad.com,AVAILABILITY,domains.list,domains.list,2026-10-02 16:46:37.920806+00:00,b0347027e51eba5ef5044c33
my.hellobar.com,AVAILABILITY,domains.list,domains.list,2026-10-02 16:46:38.315745+00:00,b0347027e51eba5ef5044c33
my.mobfox.com,AVAILABILITY,domains.list,domains.list,2026-10-02 16:46:38.691171+00:00,b0347027e51eba5ef5044c33
mydas.mobi,AVAILABILITY,domains.list,domains.list,2026-10-02 16:46:39.539816+00:00,b0347027e51eba5ef5044c33
n4052ad.doubleclick.net,AVAILABILITY,domains.list,domains.list,2026-10-02 16:46:40.004109+00:00,b0347027e51eba5ef5044c33
n4061ad.hk.doubleclick.net,AVAILABILITY,domains.list,domains.list,2026-10-02 16:46:40.352663+00:00,b0347027e51eba5ef5044c33
n4403ad.doubleclick.net,AVAILABILITY,domains.list,domains.list,2026-10-02 16:46:40.813919+00:00,b0347027e51eba5ef5044c33
n479ad.doubleclick.net,AVAILABILITY,domains.list,domains.list,2026-10-02 16:46:41.218470+00:00,b0347027e51eba5ef5044c33
native.sharethrough.com,AVAILABILITY,domains.list,domains.list,2026-10-02 16:46:41.698557+00:00,b0347027e51eba5ef5044c33
novadune.com,AVAILABILITY,domains.list,domains.list,2026-10-02 16:46:42.604027+00:00,b0347027e51eba5ef5044c33
nym1.ib.adnxs.com,AVAILABILITY,domains.list,domains.list,2026-10-02 16:46:43.572618+00:00,b0347027e51eba5ef5044c33
nyyed.com,AVAILABILITY,domains.list,domains.list,2026-10-02 16:46:44.557287+00:00,b0347027e51eba5ef5044c33
ocsp.apple.com,AVAILABILITY,domains.list,domains.list,2026-10-02 16:46:45.120973+00:00,b0347027e51eba5ef5044c33
odb.outbrain.com,AVAILABILITY,domains.list,domains.list,2026-10-02 16:46:45.379014+00:00,b0347027e51eba5ef5044c33
onclickads.net,AVAILABILITY,domains.list,domains.list,2026-10-02 16:46:46.318280+00:00,b0347027e51eba5ef5044c33
openad.tf1.fr,AVAILABILITY,domains.list,domains.list,2026-10-02 16:46:46.567532+00:00,b0347027e51eba5ef5044c33
out.popads.net,AVAILABILITY,domains.list,domains.list,2026-10-02 16:47:06.895358+00:00,b0347027e51eba5ef5044c33
outbrain.com,AVAILABILITY,domains.list,domains.list,2026-10-02 16:47:07.304478+00:00,b0347027e51eba5ef5044c33
overture.com,AVAILABILITY,domains.list,domains.list,2026-10-02 16:47:08.229609+00:00,b0347027e51eba5ef5044c33
pagead.l.google.com,AVAILABILITY,domains.list,domains.list,2026-10-02 16:47:08.723610+00:00,b0347027e51eba5ef5044c33
pagead2.googleadservices.com,AVAILABILITY,domains.list,domains.list,2026-10-02 16:47:09.141364+00:00,b0347027e51eba5ef5044c33
pagead2.googlesyndication.com,AVAILABILITY,domains.list,domains.list,2026-10-02 16:47:09.333237+00:00,b0347027e51eba5ef5044c33
partner.googleadservices.com,AVAILABILITY,domains.list,domains.list,2026-10-02 16:47:09.555990+00:00,b0347027e51eba5ef5044c33
partnerad.l.doubleclick.net,AVAILABILITY,domains.list,domains.list,2026-10-02 16:47:09.879311+00:00,b0347027e51eba5ef5044c33
partners.swoop.com,AVAILABILITY,domains.list,domains.list,2026-10-02 16:47:10.469934+00:00,b0347027e51eba5ef5044c33
paypalssl.doubleclick.net,AVAILABILITY,domains.list,domains.list,2026-10-02 16:47:10.986528+00:00,b0347027e51eba5ef5044c33
pixel.adsafeprotected.com,AVAILABILITY,domains.list,domains.list,2026-10-02 16:47:11.382400+00:00,b0347027e51eba5ef5044c33
pixel.mathtag.com,AVAILABILITY,domains.list,domains.list,2026-10-02 16:47:12.978612+00:00,b0347027e51eba5ef5044c33
pixel.quantserve.com,AVAILABILITY,domains.list,domains.list,2026-10-02 16:47:13.191751+00:00,b0347027e51eba5ef5044c33
pixel.rubiconproject.com,AVAILABILITY,domains.list,domains.list,2026-10-02 16:47:13.739888+00:00,b0347027e51eba5ef5044c33
pq-direct.revsci.net,AVAILABILITY,domains.list,domains.list,2026-10-02 16:47:14.339033+00:00,b0347027e51eba5ef5044c33
prm.europacash.com,AVAILABILITY,domains.list,domains.list,2026-10-02 16:47:14.983594+00:00,b0347027e51eba5ef5044c33
projectwonderful.com,AVAILABILITY,domains.list,domains.list,2026-10-02 16:47:15.524538+00:00,b0347027e51eba5ef5044c33
pt.trafficjunky.net,AVAILABILITY,domains.list,domains.list,2026-10-02 16:47:16.332029+00:00,b0347027e51eba5ef5044c33
pub.clicksor.net,AVAILABILITY,domains.list,domains.list,2026-10-02 16:47:17.844696+00:00,b0347027e51eba5ef5044c33
pub.mobiright.com,AVAILABILITY,domains.list,domains.list,2026-10-02 16:47:18.130558+00:00,b0347027e51eba5ef5044c33
pubads.g.doubleclick.net,AVAILABILITY,domains.list,domains.list,2026-10-02 16:47:18.443117+00:00,b0347027e51eba5ef5044c33
q1mediahydraplatform.com,AVAILABILITY,domains.list,domains.list,2026-10-02 16:47:19.939257+00:00,b0347027e51eba5ef5044c33
quantserve.com,AVAILABILITY,domains.list,domains.list,2026-10-02 16:47:20.333074+00:00,b0347027e51eba5ef5044c33
r.edge.inmobicdn.net,AVAILABILITY,domains.list,domains.list,2026-10-02 16:47:21.015769+00:00,b0347027e51eba5ef5044c33
r.w.inmobi.com,AVAILABILITY,domains.list,domains.list,2026-10-02 16:47:21.831825+00:00,b0347027e51eba5ef5044c33
rad.live.com,AVAILABILITY,domains.list,domains.list,2026-10-02 16:47:22.255073+00:00,b0347027e51eba5ef5044c33
rcm-it.amazon.it,AVAILABILITY,domains.list,domains.list,2026-10-02 16:47:42.684657+00:00,b0347027e51eba5ef5044c33
rcm-na.amazon-adsystem.com,AVAILABILITY,domains.list,domains.list,2026-10-02 16:47:42.877554+00:00,b0347027e51eba5ef5044c33
req.startappservice.com,AVAILABILITY,domains.list,domains.list,2026-10-02 16:47:43.249106+00:00,b0347027e51eba5ef5044c33
resources.infolinks.com,AVAILABILITY,domains.list,domains.list,2026-10-02 16:47:43.491344+00:00,b0347027e51eba5ef5044c33
revmob-creatives.s3.amazonaws.com,AVAILABILITY,domains.list,domains.list,2026-10-02 16:47:43.806094+00:00,b0347027e51eba5ef5044c33
rmbn.net,AVAILABILITY,domains.list,domains.list,2026-10-02 16:47:44.129061+00:00,b0347027e51eba5ef5044c33
router.infolinks.com,AVAILABILITY,domains.list,domains.list,2026-10-02 16:47:44.323033+00:00,b0347027e51eba5ef5044c33
royale-ssl.spongecell.com,AVAILABILITY,domains.list,domains.list,2026-10-02 16:47:45.284281+00:00,b0347027e51eba5ef5044c33
rss.buysellads.com,AVAILABILITY,domains.list,domains.list,2026-10-02 16:47:46.389708+00:00,b0347027e51eba5ef5044c33
rtb.adgrx.com,AVAILABILITY,domains.list,domains.list,2026-10-02 16:47:46.654204+00:00,b0347027e51eba5ef5044c33
s-static.innovid.com,AVAILABILITY,domains.list,domains.list,2026-10-02 16:47:47.132028+00:00,b0347027e51eba5ef5044c33
s.amazon-adsystem.com,AVAILABILITY,domains.list,domains.list,2026-10-02 16:47:47.754169+00:00,b0347027e51eba5ef5044c33
s.moatads.com,AVAILABILITY,domains.list,domains.list,2026-10-02 16:47:48.117365+00:00,b0347027e51eba5ef5044c33
s.skimresources.com,AVAILABILITY,domains.list,domains.list,2026-10-02 16:47:48.411655+00:00,b0347027e51eba5ef5044c33
s.zkcdn.net,AVAILABILITY,domains.list,domains.list,2026-10-02 16:47:48.749231+00:00,b0347027e51eba5ef5044c33
s0.doubleclick.net,AVAILABILITY,domains.list,domains.list,2026-10-02 16:47:49.230872+00:00,b0347027e51eba5ef5044c33
s1.2mdn.net,AVAILABILITY,domains.list,domains.list,2026-10-02 16:47:49.421630+00:00,b0347027e51eba5ef5044c33
s2.adform.net,AVAILABILITY,domains.list,domains.list,2026-10-02 16:47:50.119219+00:00,b0347027e51eba5ef5044c33
s2.video.doubleclick.net,AVAILABILITY,domains.list,domains.list,2026-10-02 16:47:50.460594+00:00,b0347027e51eba5ef5044c33
s3.buysellads.com,AVAILABILITY,domains.list,domains.list,2026-10-02 16:47:51.180371+00:00,b0347027e51eba5ef5044c33
scorecardresearch.com,AVAILABILITY,domains.list,domains.list,2026-10-02 16:47:52.004112+00:00,b0347027e51eba5ef5044c33
script.tailsweep.com,AVAILABILITY,domains.list,domains.list,2026-10-02 16:47:53.341980+00:00,b0347027e51eba5ef5044c33
secure.adnxs.com,AVAILABILITY,domains.list,domains.list,2026-10-02 16:47:54.138318+00:00,b0347027e51eba5ef5044c33
securepubads.g.doubleclick.net,AVAILABILITY,domains.list,domains.list,2026-10-02 16:47:54.521275+00:00,b0347027e51eba5ef5044c33
serve.adplxmd.com,AVAILABILITY,domains.list,domains.list,2026-10-02 16:48:08.056314+00:00,b0347027e51eba5ef5044c33
serve.popads.net,AVAILABILITY,domains.list,domains.list,2026-10-02 16:48:08.297874+00:00,b0347027e51eba5ef5044c33
server.cpmstar.com,AVAILABILITY,domains.list,domains.list,2026-10-02 16:48:08.831866+00:00,b0347027e51eba5ef5044c33
sin1.g.adnxs.com,AVAILABILITY,domains.list,domains.list,2026-10-02 16:48:10.110717+00:00,b0347027e51eba5ef5044c33
smartadserver.com,AVAILABILITY,domains.list,domains.list,2026-10-02 16:48:10.777014+00:00,b0347027e51eba5ef5044c33
smartadserver.fr,AVAILABILITY,domains.list,domains.list,2026-10-02 16:48:11.201512+00:00,b0347027e51eba5ef5044c33
softonicads.com,AVAILABILITY,domains.list,domains.list,2026-10-02 16:48:11.562449+00:00,b0347027e51eba5ef5044c33
spcdnsp.i-mobile.co.jp,AVAILABILITY,domains.list,domains.list,2026-10-02 16:48:12.453337+00:00,b0347027e51eba5ef5044c33
spdeliver.i-mobile.co.jp,AVAILABILITY,domains.list,domains.list,2026-10-02 16:48:13.187762+00:00,b0347027e51eba5ef5044c33
spnet5.i-mobile.co.jp,AVAILABILITY,domains.list,domains.list,2026-10-02 16:48:13.625424+00:00,b0347027e51eba5ef5044c33
spsvc3.i-mobile.co.jp,AVAILABILITY,domains.list,domains.list,2026-10-02 16:48:34.375474+00:00,b0347027e51eba5ef5044c33
srv.bebi.com,AVAILABILITY,domains.list,domains.list,2026-10-02 16:48:34.789998+00:00,b0347027e51eba5ef5044c33
srv.buysellads.com,AVAILABILITY,domains.list,domains.list,2026-10-02 16:48:35.448608+00:00,b0347027e51eba5ef5044c33
srv.clickfuse.com,AVAILABILITY,domains.list,domains.list,2026-10-02 16:48:36.729299+00:00,b0347027e51eba5ef5044c33
srvpub.com,AVAILABILITY,domains.list,domains.list,2026-10-02 16:48:37.484312+00:00,b0347027e51eba5ef5044c33
static.2mdn.net,AVAILABILITY,domains.list,domains.list,2026-10-02 16:48:37.780773+00:00,b0347027e51eba5ef5044c33
static.adzerk.net,AVAILABILITY,domains.list,domains.list,2026-10-02 16:48:38.271954+00:00,b0347027e51eba5ef5044c33
static.doubleclick.net,AVAILABILITY,domains.list,domains.list,2026-10-02 16:48:38.686939+00:00,b0347027e51eba5ef5044c33
static.emsservice.de,AVAILABILITY,domains.list,domains.list,2026-10-02 16:48:40.104043+00:00,b0347027e51eba5ef5044c33
static.fmpub.net,AVAILABILITY,domains.list,domains.list,2026-10-02 16:48:42.666104+00:00,b0347027e51eba5ef5044c33
static.getclicky.com,AVAILABILITY,domains.list,domains.list,2026-10-02 16:48:42.851404+00:00,b0347027e51eba5ef5044c33
static.trafficjunky.net,AVAILABILITY,domains.list,domains.list,2026-10-02 16:48:43.594904+00:00,b0347027e51eba5ef5044c33
static.yieldmo.com,AVAILABILITY,domains.list,domains.list,2026-10-02 16:48:43.961861+00:00,b0347027e51eba5ef5044c33
static.zucks.net.zimg.jp,AVAILABILITY,domains.list,domains.list,2026-10-02 16:48:44.400803+00:00,b0347027e51eba5ef5044c33
staticd.cdn.adblade.com,AVAILABILITY,domains.list,domains.list,2026-10-02 16:48:45.129215+00:00,b0347027e51eba5ef5044c33
stats.g.doubleclick.net,AVAILABILITY,domains.list,domains.list,2026-10-02 16:48:45.468362+00:00,b0347027e51eba5ef5044c33
strikeadcdn.s3.amazonaws.com,AVAILABILITY,domains.list,domains.list,2026-10-02 16:48:45.791411+00:00,b0347027e51eba5ef5044c33
syndication.exoclick.com,AVAILABILITY,domains.list,domains.list,2026-10-02 16:48:46.093971+00:00,b0347027e51eba5ef5044c33
t.neodatagroup.com,AVAILABILITY,domains.list,domains.list,2026-10-02 16:48:46.323276+00:00,b0347027e51eba5ef5044c33
tag.contextweb.com,AVAILABILITY,domains.list,domains.list,2026-10-02 16:48:46.655897+00:00,b0347027e51eba5ef5044c33
tcr.tynt.com,AVAILABILITY,domains.list,domains.list,2026-10-02 16:48:47.413695+00:00,b0347027e51eba5ef5044c33
tempest.services.disqus.com,AVAILABILITY,domains.list,domains.list,2026-10-02 16:48:49.023577+00:00,b0347027e51eba5ef5044c33
tpc.googlesyndication.com,AVAILABILITY,domains.list,domains.list,2026-10-02 16:48:49.302453+00:00,b0347027e51eba5ef5044c33
track.adform.net,AVAILABILITY,domains.list,domains.list,2026-10-02 16:48:50.057735+00:00,b0347027e51eba5ef5044c33
track.lfstmedia.com,AVAILABILITY,domains.list,domains.list,2026-10-02 16:49:10.808607+00:00,b0347027e51eba5ef5044c33
track.netshelter.net,AVAILABILITY,domains.list,domains.list,2026-10-02 16:49:11.167504+00:00,b0347027e51eba5ef5044c33
tracking.trafficjunky.net,AVAILABILITY,domains.list,domains.list,2026-10-02 16:49:31.355659+00:00,b0347027e51eba5ef5044c33
traffic.outbrain.com,AVAILABILITY,domains.list,domains.list,2026-10-02 16:49:31.620954+00:00,b0347027e51eba5ef5044c33
trc.taboola.com,AVAILABILITY,domains.list,domains.list,2026-10-02 16:49:32.401354+00:00,b0347027e51eba5ef5044c33
trends.revcontent.com,AVAILABILITY,domains.list,domains.list,2026-10-02 16:49:32.720571+00:00,b0347027e51eba5ef5044c33
veoxa.com,AVAILABILITY,domains.list,domains.list,2026-10-02 16:49:33.974333+00:00,b0347027e51eba5ef5044c33
video-stats.video.google.com,AVAILABILITY,domains.list,domains.list,2026-10-02 16:49:34.350269+00:00,b0347027e51eba5ef5044c33
videoslots.888.com,AVAILABILITY,domains.list,domains.list,2026-10-02 16:49:36.526630+00:00,b0347027e51eba5ef5044c33
w.inmobi.com,AVAILABILITY,domains.list,domains.list,2026-10-02 16:49:36.869528+00:00,b0347027e51eba5ef5044c33
w.sharethis.com,AVAILABILITY,domains.list,domains.list,2026-10-02 16:49:37.308855+00:00,b0347027e51eba5ef5044c33
wd.sharethis.com,AVAILABILITY,domains.list,domains.list,2026-10-02 16:49:37.848780+00:00,b0347027e51eba5ef5044c33
web.adblade.com,AVAILABILITY,domains.list,domains.list,2026-10-02 16:49:58.298016+00:00,b0347027e51eba5ef5044c33
widgets.outbrain.com,AVAILABILITY,domains.list,domains.list,2026-10-02 16:49:58.698093+00:00,b0347027e51eba5ef5044c33
widgets.progrids.com,AVAILABILITY,domains.list,domains.list,2026-10-02 16:49:58.934288+00:00,b0347027e51eba5ef5044c33
ws-na.amazon-adsystem.com,AVAILABILITY,domains.list,domains.list,2026-10-02 16:49:59.133685+00:00,b0347027e51eba5ef5044c33
ws.tapjoyads.com,AVAILABILITY,domains.list,domains.list,2026-10-02 16:49:59.452002+00:00,b0347027e51eba5ef5044c33
wv.inner-active.mobi,AVAILABILITY,domains.list,domains.list,2026-10-02 16:49:59.639580+00:00,b0347027e51eba5ef5044c33
ww251.smartadserver.com,AVAILABILITY,domains.list,domains.list,2026-10-02 16:49:59.852872+00:00,b0347027e51eba5ef5044c33
ww400.smartadserver.fr,AVAILABILITY,domains.list,domains.list,2026-10-02 16:50:00.492930+00:00,b0347027e51eba5ef5044c33
ww84.smartadserver.com,AVAILABILITY,domains.list,domains.list,2026-10-02 16:50:00.729220+00:00,b0347027e51eba5ef5044c33
www.888poker.com,AVAILABILITY,domains.list,domains.list,2026-10-02 16:50:03.085103+00:00,b0347027e51eba5ef5044c33
www.adnxs.com,AVAILABILITY,domains.list,domains.list,2026-10-02 16:50:43.874875+00:00,b0347027e51eba5ef5044c33
