idna_subject,checker_type,destination,tested_at
www.smartadserver.com,AVAILABILITY,domains.list,2026-09-27 16:17:18.159119+00:00
jsc.marketgid.com,AVAILABILITY,domains.list,2026-09-27 16:17:29.987890+00:00
www.clickterra.net,AVAILABILITY,domains.list,2026-09-27 16:17:31.391166+00:00
c2.popads.net,AVAILABILITY,domains.list,2026-09-27 16:17:31.623065+00:00
p22.atemda.com,AVAILABILITY,domains.list,2026-09-27 16:17:42.879392+00:00
2912a.v.fwmrm.net,AVAILABILITY,domains.list,2026-09-27 16:17:43.070333+00:00
a.visualrevenue.com,AVAILABILITY,domains.list,2026-09-27 16:17:43.416302+00:00
ad.directrev.com,AVAILABILITY,domains.list,2026-09-27 16:17:43.714888+00:00
ad.leadbolt.net,AVAILABILITY,domains.list,2026-09-27 16:17:54.200429+00:00
ad.yieldmanager.com,AVAILABILITY,domains.list,2026-09-27 16:17:58.849867+00:00
ad1.emediate.dk,AVAILABILITY,domains.list,2026-09-27 16:17:59.192255+00:00
adb.nikkei.co.jp,AVAILABILITY,domains.list,2026-09-27 16:17:59.863976+00:00
admaster.heyos.com,AVAILABILITY,domains.list,2026-09-27 16:18:00.210110+00:00
ads.bidvertiser.com,AVAILABILITY,domains.list,2026-09-27 16:18:00.471239+00:00
ads.mocean.mobi,AVAILABILITY,domains.list,2026-09-27 16:18:00.682442+00:00
adtracker.inmobi.com,AVAILABILITY,domains.list,2026-09-27 16:18:01.151997+00:00
as.chango.com,AVAILABILITY,domains.list,2026-09-27 16:18:01.419610+00:00
as.ebz.io,AVAILABILITY,domains.list,2026-09-27 16:18:01.878679+00:00
austria1.adverserve.net,AVAILABILITY,domains.list,2026-09-27 16:18:03.405694+00:00
ba2b687.se,AVAILABILITY,domains.list,2026-09-27 16:18:03.642796+00:00
cdn.adbrau.com,AVAILABILITY,domains.list,2026-09-27 16:18:03.857766+00:00
cdn.bidvertiser.com,AVAILABILITY,domains.list,2026-09-27 16:18:04.184998+00:00
cdn.directrev.com,AVAILABILITY,domains.list,2026-09-27 16:18:04.482692+00:00
cdn.directtrk.com,AVAILABILITY,domains.list,2026-09-27 16:18:04.813095+00:00
creative1cdn.mobfox.com,AVAILABILITY,domains.list,2026-09-27 16:18:05.026493+00:00
cdn.mdotm.com,AVAILABILITY,domains.list,2026-09-27 16:18:21.315722+00:00
cdn.millennialmedia.com,AVAILABILITY,domains.list,2026-09-27 16:18:21.878146+00:00
cdn2.cpmstar.com,AVAILABILITY,domains.list,2026-09-27 16:18:22.200098+00:00
directrev.blob.core.windows.net,AVAILABILITY,domains.list,2026-09-27 16:18:22.535116+00:00
e.admob.com,AVAILABILITY,domains.list,2026-09-27 16:18:22.856833+00:00
e2.emediate.se,AVAILABILITY,domains.list,2026-09-27 16:18:23.221427+00:00
engine.widespace.com,AVAILABILITY,domains.list,2026-09-27 16:18:34.463505+00:00
go.goroost.com,AVAILABILITY,domains.list,2026-09-27 16:18:35.015685+00:00
i.tapit.com,AVAILABILITY,domains.list,2026-09-27 16:18:35.267164+00:00
m.servebom.com,AVAILABILITY,domains.list,2026-09-27 16:18:35.507954+00:00
mads.at.atwola.com,AVAILABILITY,domains.list,2026-09-27 16:18:35.986721+00:00
pixel.redditmedia.com,AVAILABILITY,domains.list,2026-09-27 16:18:36.249502+00:00
s.ad131m.com,AVAILABILITY,domains.list,2026-09-27 16:18:36.535846+00:00
serve.vdopia.com,AVAILABILITY,domains.list,2026-09-27 16:18:50.654530+00:00
static.exoclick.com,AVAILABILITY,domains.list,2026-09-27 16:18:50.920527+00:00
tap.rubiconproject.com,AVAILABILITY,domains.list,2026-09-27 16:18:51.369181+00:00
dsp.adledge.com,AVAILABILITY,domains.list,2026-09-27 16:18:51.695612+00:00
mv.ad.naver.com,AVAILABILITY,domains.list,2026-09-27 16:18:52.500522+00:00
cdn.cpsoft86.com,AVAILABILITY,domains.list,2026-09-27 16:19:05.420471+00:00
i.w.sandbox.inmobi.com,AVAILABILITY,domains.list,2026-09-27 16:19:06.022933+00:00
cdn.castplatform.com,AVAILABILITY,domains.list,2026-09-27 16:19:18.837406+00:00
img-cdn.mediaplex.com,AVAILABILITY,domains.list,2026-09-27 16:19:19.218793+00:00
img.adinte.jp,AVAILABILITY,domains.list,2026-09-27 16:19:19.736552+00:00
ma.inmobi.com,AVAILABILITY,domains.list,2026-09-27 16:19:20.119740+00:00
kona.kontera.com,AVAILABILITY,domains.list,2026-09-27 16:19:20.530175+00:00
max.crwd.io,AVAILABILITY,domains.list,2026-09-27 16:19:20.972721+00:00
i.ad-v.jp,AVAILABILITY,domains.list,2026-09-27 16:19:21.844133+00:00
ns2.backbeatmedia.com,AVAILABILITY,domains.list,2026-09-27 16:19:22.103237+00:00
ox-d.wuv.servedbyopenx.com,AVAILABILITY,domains.list,2026-09-27 16:19:22.798320+00:00
pds.directrev.com,AVAILABILITY,domains.list,2026-09-27 16:19:23.083484+00:00
ns1.backbeatmedia.com,AVAILABILITY,domains.list,2026-09-27 16:19:23.309590+00:00
s.send.microad.jp,AVAILABILITY,domains.list,2026-09-27 16:19:23.888856+00:00
tap-cdn.rubiconproject.com,AVAILABILITY,domains.list,2026-09-27 16:19:24.134502+00:00
web-jp.ad-v.jp,AVAILABILITY,domains.list,2026-09-27 16:19:24.448981+00:00
www-lvs.veoxa.com,AVAILABILITY,domains.list,2026-09-27 16:19:24.752058+00:00
origin.collective-media.net,AVAILABILITY,domains.list,2026-09-27 16:19:25.057555+00:00
9cf9.v.fwmrm.net,AVAILABILITY,domains.list,2026-09-27 16:19:25.253722+00:00
richmedia.yimg.com,AVAILABILITY,domains.list,2026-09-27 16:19:25.533070+00:00
media.888.com,AVAILABILITY,domains.list,2026-09-27 16:19:25.790872+00:00
srv.juiceadv.com,AVAILABILITY,domains.list,2026-09-27 16:19:26.079646+00:00
ads.ad-center.com,AVAILABILITY,domains.list,2026-09-27 16:19:26.886763+00:00
api.content.ad,AVAILABILITY,domains.list,2026-09-27 16:19:27.860720+00:00
engine.rbc.medialand.ru,AVAILABILITY,domains.list,2026-09-27 16:19:29.184709+00:00
test.adpooh.com,AVAILABILITY,domains.list,2026-09-27 16:19:29.409578+00:00
www.da-ads.com,AVAILABILITY,domains.list,2026-09-27 16:19:29.792948+00:00
api.gravity.com,AVAILABILITY,domains.list,2026-09-27 16:19:30.032313+00:00
rma-api.gravity.com,AVAILABILITY,domains.list,2026-09-27 16:19:30.285464+00:00
cdn.adnotch.com,AVAILABILITY,domains.list,2026-09-27 16:19:35.497491+00:00
sdt1.corp.inmobi.com,AVAILABILITY,domains.list,2026-09-27 16:19:45.722624+00:00
www.ad-ch.jp,AVAILABILITY,domains.list,2026-09-27 16:19:46.213524+00:00
www.admob.tk,AVAILABILITY,domains.list,2026-09-27 16:19:46.725109+00:00
5be16.v.fwmrm.net,AVAILABILITY,domains.list,2026-09-27 16:19:46.938977+00:00
www.agomwefq.com,AVAILABILITY,domains.list,2026-09-27 16:19:47.163640+00:00
www.ba2b687.se,AVAILABILITY,domains.list,2026-09-27 16:19:48.109579+00:00
www.softonicads.com,AVAILABILITY,domains.list,2026-09-27 16:19:48.730426+00:00
www.overture.com,AVAILABILITY,domains.list,2026-09-27 16:19:49.016102+00:00
www.mydas.mobi,AVAILABILITY,domains.list,2026-09-27 16:19:49.416507+00:00
www.gomotrak.com,AVAILABILITY,domains.list,2026-09-27 16:19:49.708260+00:00
0,AVAILABILITY,domains.list,2026-09-27 16:19:49.871122+00:00
ad1.netshelter.net,AVAILABILITY,domains.list,2026-09-27 16:19:50.204244+00:00
ad2.netshelter.net,AVAILABILITY,domains.list,2026-09-27 16:19:50.502442+00:00
a.jumptap.com,AVAILABILITY,domains.list,2026-09-27 16:19:50.816601+00:00
ad3.netshelter.net,AVAILABILITY,domains.list,2026-09-27 16:19:51.091234+00:00
ad.kixer.com,AVAILABILITY,domains.list,2026-09-27 16:19:51.356241+00:00
ad4.netshelter.net,AVAILABILITY,domains.list,2026-09-27 16:19:51.663288+00:00
ad.omni.se,AVAILABILITY,domains.list,2026-09-27 16:19:51.907148+00:00
uedata.amazon.com,AVAILABILITY,domains.list,2026-09-27 16:19:52.145903+00:00
ad.taptica.com,AVAILABILITY,domains.list,2026-09-27 16:19:52.370848+00:00
ad-ch.jp,AVAILABILITY,domains.list,2026-09-27 16:19:53.739629+00:00
ads.aftonbladet.se,AVAILABILITY,domains.list,2026-09-27 16:19:54.731667+00:00
ads.cricbuzz.com,AVAILABILITY,domains.list,2026-09-27 16:19:55.112324+00:00
agomwefq.com,AVAILABILITY,domains.list,2026-09-27 16:19:55.340378+00:00
advm.svd.se,AVAILABILITY,domains.list,2026-09-27 16:19:56.466192+00:00
adv.svd.se,AVAILABILITY,domains.list,2026-09-27 16:19:57.782879+00:00
assets.kixer.com,AVAILABILITY,domains.list,2026-09-27 16:19:58.073937+00:00
admob.tk,AVAILABILITY,domains.list,2026-09-27 16:20:03.787607+00:00
b.grvcdn.com,AVAILABILITY,domains.list,2026-09-27 16:20:04.038304+00:00
banners.unibet.com,AVAILABILITY,domains.list,2026-09-27 16:20:05.033661+00:00
cache.blogads.com,AVAILABILITY,domains.list,2026-09-27 16:20:05.452934+00:00
cdn.kixer.com,AVAILABILITY,domains.list,2026-09-27 16:20:05.765680+00:00
cdn.static.zdtag.com,AVAILABILITY,domains.list,2026-09-27 16:20:06.195817+00:00
cv.apprupt.com,AVAILABILITY,domains.list,2026-09-27 16:20:06.424252+00:00
ctl1.buyt.in,AVAILABILITY,domains.list,2026-09-27 16:20:06.641956+00:00
de.cisive.net,AVAILABILITY,domains.list,2026-09-27 16:20:06.862704+00:00
cre.adjust-net.jp,AVAILABILITY,domains.list,2026-09-27 16:20:07.469234+00:00
gomotrak.com,AVAILABILITY,domains.list,2026-09-27 16:20:07.742141+00:00
ad.dc2.adtech.de,AVAILABILITY,domains.list,2026-09-27 16:20:08.333392+00:00
adpriv.nikkei.com,AVAILABILITY,domains.list,2026-09-27 16:20:08.539750+00:00
bb.crwdcntrl.net,AVAILABILITY,domains.list,2026-09-27 16:20:08.833447+00:00
i.t.webtracker.jp,AVAILABILITY,domains.list,2026-09-27 16:20:22.920237+00:00
adv.aftonbladet.se,AVAILABILITY,domains.list,2026-09-27 16:20:24.468985+00:00
ads.mp.mydas.mobi,AVAILABILITY,domains.list,2026-09-27 16:20:24.908720+00:00
img1.nend.net,AVAILABILITY,domains.list,2026-09-27 16:20:25.309183+00:00
1app.blob.core.windows.net,AVAILABILITY,domains.list,2026-09-27 16:20:25.633611+00:00
delivery.trafficjunky.net,AVAILABILITY,domains.list,2026-09-27 16:20:25.893818+00:00
ace.advertising.com,AVAILABILITY,domains.list,2026-09-27 16:20:26.147531+00:00
bannerfarm.ace.advertising.com,AVAILABILITY,domains.list,2026-09-27 16:20:26.448938+00:00
dtm.advertising.com,AVAILABILITY,domains.list,2026-09-27 16:20:26.789253+00:00
leadback.advertising.com,AVAILABILITY,domains.list,2026-09-27 16:20:27.007957+00:00
mads.advertising.com,AVAILABILITY,domains.list,2026-09-27 16:20:27.458808+00:00
secure.leadback.advertising.com,AVAILABILITY,domains.list,2026-09-27 16:20:27.672132+00:00
servedby2.advertising.com,AVAILABILITY,domains.list,2026-09-27 16:20:27.921277+00:00
uac.advertising.com,AVAILABILITY,domains.list,2026-09-27 16:20:28.160832+00:00
c1.nend.net,AVAILABILITY,domains.list,2026-09-27 16:20:28.431298+00:00
onceux.unicornmedia.com,AVAILABILITY,domains.list,2026-09-27 16:20:36.614783+00:00
ads.flurry.com,AVAILABILITY,domains.list,2026-09-27 16:20:37.235904+00:00
a.ligatus.com,AVAILABILITY,domains.list,2026-09-27 16:20:37.472597+00:00
adserver.adtech.de,AVAILABILITY,domains.list,2026-09-27 16:20:37.703188+00:00
aka-cdn-ns.adtechus.com,AVAILABILITY,domains.list,2026-09-27 16:20:37.980325+00:00
at.atwola.com,AVAILABILITY,domains.list,2026-09-27 16:20:38.283887+00:00
secserv.adtech.de,AVAILABILITY,domains.list,2026-09-27 16:20:38.667732+00:00
admob.cz,AVAILABILITY,domains.list,2026-09-27 16:20:39.539391+00:00
admomi.com,AVAILABILITY,domains.list,2026-09-27 16:20:39.737191+00:00
adrotator.se,AVAILABILITY,domains.list,2026-09-27 16:20:39.997431+00:00
buzzea.com,AVAILABILITY,domains.list,2026-09-27 16:20:43.213918+00:00
clktag.com,AVAILABILITY,domains.list,2026-09-27 16:20:43.436447+00:00
ecpmrocks.com,AVAILABILITY,domains.list,2026-09-27 16:20:43.652364+00:00
herezera.com,AVAILABILITY,domains.list,2026-09-27 16:20:43.887036+00:00
delivery.switchadhub.com,AVAILABILITY,domains.list,2026-09-27 16:20:45.514897+00:00
app.brightinfo.com,AVAILABILITY,domains.list,2026-09-27 16:20:45.761965+00:00
rcm-images.amazon.com,AVAILABILITY,domains.list,2026-09-27 16:20:45.996458+00:00
m.admob.com,AVAILABILITY,domains.list,2026-09-27 16:20:48.061579+00:00
api.unthem.com,AVAILABILITY,domains.list,2026-09-27 16:20:48.980151+00:00
ads.addynamix.com,AVAILABILITY,domains.list,2026-09-27 16:20:49.217087+00:00
i.po.st,AVAILABILITY,domains.list,2026-09-27 16:20:50.155815+00:00
cdn3.doubleverify.com,AVAILABILITY,domains.list,2026-09-27 16:20:50.531114+00:00
cdn.krxd.net,AVAILABILITY,domains.list,2026-09-27 16:20:50.715735+00:00
www.terrapops.com,AVAILABILITY,domains.list,2026-09-27 16:20:51.311378+00:00
images.revmob.com,AVAILABILITY,domains.list,2026-09-27 16:20:51.633580+00:00
ebdr3.com,AVAILABILITY,domains.list,2026-09-27 16:20:51.827903+00:00
yieldmanager.com,AVAILABILITY,domains.list,2026-09-27 16:20:54.331107+00:00
cdn.hgdat.com,AVAILABILITY,domains.list,2026-09-27 16:20:54.574735+00:00
adf.send.microad.jp,AVAILABILITY,domains.list,2026-09-27 16:20:55.332406+00:00
ad.ams.mcdstorage.com,AVAILABILITY,domains.list,2026-09-27 16:21:05.741914+00:00
activity.serving-sys.com,AVAILABILITY,domains.list,2026-09-27 16:21:05.986516+00:00
bs.serving-sys.com,AVAILABILITY,domains.list,2026-09-27 16:21:06.192921+00:00
ds.serving-sys.com,AVAILABILITY,domains.list,2026-09-27 16:21:06.421535+00:00
tags.bkrtx.com,AVAILABILITY,domains.list,2026-09-27 16:21:06.701753+00:00
a.adtech.de,AVAILABILITY,domains.list,2026-09-27 16:21:06.960452+00:00
adserver.adtechus.com,AVAILABILITY,domains.list,2026-09-27 16:21:07.239252+00:00
js.moatads.com,AVAILABILITY,domains.list,2026-09-27 16:21:07.544462+00:00
servedby.hrnorth.se,AVAILABILITY,domains.list,2026-09-27 16:21:07.816527+00:00
snap.snapmobile.asia,AVAILABILITY,domains.list,2026-09-27 16:21:08.316106+00:00
cdn.adsrvmedia.net,AVAILABILITY,domains.list,2026-09-27 16:21:08.624523+00:00
www.adcash.com,AVAILABILITY,domains.list,2026-09-27 16:21:09.042314+00:00
www.yllix.com,AVAILABILITY,domains.list,2026-09-27 16:21:12.538909+00:00
cdn1.media.trafficjunky.net,AVAILABILITY,domains.list,2026-09-27 16:21:12.853375+00:00
jsn.dt07.net,AVAILABILITY,domains.list,2026-09-27 16:21:13.108012+00:00
traffic.trafficposse.com,AVAILABILITY,domains.list,2026-09-27 16:21:13.696273+00:00
ad.adtoma.com,AVAILABILITY,domains.list,2026-09-27 16:21:14.000216+00:00
adcreative.naver.com,AVAILABILITY,domains.list,2026-09-27 16:21:14.983205+00:00
